{
  "n_features_in_": 6,
  "mean_": [
    841.9658901864392,
    73.94182397352178,
    846.6501038232773,
    7.396596536738605,
    9.841143025290942,
    1.1822924477247685
  ],
  "scale_": [
    132.32082618884968,
    10.33743929824059,
    124.60381509778595,
    5.143827109057978,
    8.19556285382807,
    0.06219212325442735
  ],
  "feature_names": [
    "MEDIAN_RR",
    "HR",
    "MEAN_RR",
    "SDRR_RMSSD",
    "pNN25",
    "higuci"
  ]
}